Workbook

Sheet School Contacts
A1: School District | B1: School Name | C1: School Type (Middle/High/Combined) | D1: Contact Full Name | E1: Job Title | F1: Relevant Department or Club | G1: Professional Email Address | H1: Email Verification Status | I1: Email Source URL | J1: School Website | K1: Priority (High/Medium/Low) | L1: Notes
A2: Clayton County Public Schools | B2: Adamson Middle School | C2: Middle | D2: Segeeta Allen-Bland | E2: Teacher-Computer Tech Mid Sch | F2: Computer Technology (Connections) | G2: segeeta.allenbland@clayton.k12.ga.us | H2: Verified - official school staff directory (profile) | I2: https://019.clayton.k12.ga.us/staff/directory | J2: https://019.clayton.k12.ga.us | K2: High
A3: Clayton County Public Schools | B3: Adamson Middle School | C3: Middle | D3: Adrian Courtland | E3: Principal-Middle School | F3: Administration | G3: adrian.courtland@clayton.k12.ga.us | H3: Verified - official school staff directory (profile) | I3: https://019.clayton.k12.ga.us/staff/directory | J3: https://019.clayton.k12.ga.us | K3: High
A4: Clayton County Public Schools | B4: Adamson Middle School | C4: Middle | D4: Lakesha Roberts | E4: Ast Principal-Middle School | F4: Administration | G4: lakesha.roberts@clayton.k12.ga.us | H4: Verified - official school staff directory (profile) | I4: https://019.clayton.k12.ga.us/staff/directory | J4: https://019.clayton.k12.ga.us | K4: Medium
A5: Clayton County Public Schools | B5: Adamson Middle School | C5: Middle | D5: Melody Powell | E5: Ast Principal-Middle School | F5: Administration | G5: melody.powell@clayton.k12.ga.us | H5: Verified - official school staff directory (profile) | I5: https://019.clayton.k12.ga.us/staff/directory | J5: https://019.clayton.k12.ga.us | K5: Medium
A6: Clayton County Public Schools | B6: Adamson Middle School | C6: Middle | D6: Aaleyah Kelso | E6: Teacher-Science Middle School | F6: Science | G6: aaleyah.kelso@clayton.k12.ga.us | H6: Verified - official school staff directory (profile) | I6: https://019.clayton.k12.ga.us/staff/directory | J6: https://019.clayton.k12.ga.us | K6: Low
A7: Clayton County Public Schools | B7: Carrie D. Kendrick Middle School | C7: Middle | D7: Monique Lewis | E7: Teacher-Computer Tech Mid Sch | F7: Computer Technology (Connections) | G7: monique.lewis@clayton.k12.ga.us | H7: Verified - official school staff directory (profile) | I7: https://028.clayton.k12.ga.us/staff | J7: https://024.clayton.k12.ga.us | K7: High | L7: Directory profile lists multiple locations: Kendrick Ms, Sequoyah Ms.
A8: Clayton County Public Schools | B8: Carrie D. Kendrick Middle School | C8: Middle | D8: Letitia Lewis | E8: Principal-Middle School | F8: Administration | G8: letitia.lewis@clayton.k12.ga.us | H8: Verified - official school staff directory (profile) | I8: https://024.clayton.k12.ga.us/staff/directory | J8: https://024.clayton.k12.ga.us | K8: High
A9: Clayton County Public Schools | B9: Carrie D. Kendrick Middle School | C9: Middle | D9: Charles Gilchrist | E9: Ast Principal-Middle School | F9: Administration | G9: charles.gilchrist@clayton.k12.ga.us | H9: Verified - official school staff directory (profile) | I9: https://024.clayton.k12.ga.us/staff/directory | J9: https://024.clayton.k12.ga.us | K9: Medium
A10: Clayton County Public Schools | B10: Carrie D. Kendrick Middle School | C10: Middle | D10: Kantrell Gibson-Brown | E10: Ast Principal-Middle School | F10: Administration | G10: kantrell.gibson-brown@clayton.k12.ga.us | H10: Verified - official school staff directory (profile) | I10: https://024.clayton.k12.ga.us/staff/directory | J10: https://024.clayton.k12.ga.us | K10: Medium
A11: Clayton County Public Schools | B11: Carrie D. Kendrick Middle School | C11: Middle | D11: Cadine Ferguson | E11: Intalage Teachers-Science | F11: Science | G11: cadine.ferguson@clayton.k12.ga.us | H11: Verified - official school staff directory (profile) | I11: https://024.clayton.k12.ga.us/staff/directory | J11: https://024.clayton.k12.ga.us | K11: Low
A12: Clayton County Public Schools | B12: Eddie White Middle Academy | C12: Middle | D12: Lynna Springs | E12: Teacher-Computer Tech Mid Sch | F12: Computer Technology (Connections) | G12: lynna.springs@clayton.k12.ga.us | H12: Verified - official school staff directory (profile) | I12: https://031.clayton.k12.ga.us/staff | J12: https://031.clayton.k12.ga.us | K12: High
A13: Clayton County Public Schools | B13: Eddie White Middle Academy | C13: Middle | D13: Shannon Hoskins-Praylow | E13: Teacher-Computer Tech Mid Sch | F13: Computer Technology (Connections) | G13: shannon.hoskinsprayl@clayton.k12.ga.us | H13: Verified - official school staff directory (profile) | I13: https://031.clayton.k12.ga.us/staff | J13: https://031.clayton.k12.ga.us | K13: High
A14: Clayton County Public Schools | B14: Eddie White Middle Academy | C14: Middle | D14: Micki Harris | E14: Principal-Middle School | F14: Administration | G14: micki.harris@clayton.k12.ga.us | H14: Verified - official school staff directory (profile) | I14: https://031.clayton.k12.ga.us/staff | J14: https://031.clayton.k12.ga.us | K14: High
A15: Clayton County Public Schools | B15: Eddie White Middle Academy | C15: Middle | D15: Sharlissa Pollard | E15: Teacher-Technology Middle Sch | F15: Technology (Connections) | G15: sharlissa.pollard@clayton.k12.ga.us | H15: Verified - official school staff directory (profile) | I15: https://031.clayton.k12.ga.us/staff | J15: https://031.clayton.k12.ga.us | K15: High | L15: Directory profile lists multiple locations: Marshall Es, White Academy Ms.
A16: Clayton County Public Schools | B16: Eddie White Middle Academy | C16: Middle | D16: Adriel Thomas | E16: Teacher-Science Middle School | F16: Science | G16: adriel.thomas@clayton.k12.ga.us | H16: Verified - official school staff directory (profile) | I16: https://031.clayton.k12.ga.us/staff | J16: https://031.clayton.k12.ga.us | K16: Low
A17: Clayton County Public Schools | B17: Forest Park Middle School | C17: Middle | D17: Thomas Stinson | E17: Engineering/Technology Teacher | F17: Engineering & Technology (Connections) | G17: thomas.stinson@clayton.k12.ga.us | H17: Verified - official school staff directory (profile) | I17: https://012.clayton.k12.ga.us/staff/directory | J17: https://012.clayton.k12.ga.us | K17: High | L17: Directory title Teacher-Engineering/Technology MS (profile assigned to Forest Park MS). A Mr. Stinson is also named as Technology & Robotics Club contact on Adamson MS's club page, which appears out of date.
A18: Clayton County Public Schools | B18: Forest Park Middle School | C18: Middle | D18: Ramona Potts | E18: Teacher-Computer Tech Mid Sch | F18: Computer Technology (Connections) | G18: ramona.potts@clayton.k12.ga.us | H18: Verified - official school staff directory (profile) | I18: https://012.clayton.k12.ga.us/staff/directory | J18: https://012.clayton.k12.ga.us | K18: High
A19: Clayton County Public Schools | B19: Forest Park Middle School | C19: Middle | D19: Harold Dobbins | E19: Principal-Middle School | F19: Administration | G19: harold.dobbins@clayton.k12.ga.us | H19: Verified - official school staff directory (profile) | I19: https://012.clayton.k12.ga.us/staff/directory | J19: https://012.clayton.k12.ga.us | K19: High | L19: Directory profile lists multiple locations: East Clayton Es, Forest Park Ms.
A20: Clayton County Public Schools | B20: Forest Park Middle School | C20: Middle | D20: Sara Vasquez | E20: Ast Principal-Middle School | F20: Administration | G20: sara.vasquez@clayton.k12.ga.us | H20: Verified - official school staff directory (profile) | I20: https://012.clayton.k12.ga.us/staff/directory | J20: https://012.clayton.k12.ga.us | K20: Medium
A21: Clayton County Public Schools | B21: Forest Park Middle School | C21: Middle | D21: Chasity Jackson | E21: Teacher-Science Middle School | F21: Science | G21: chasity.jackson@clayton.k12.ga.us | H21: Verified - official school staff directory (profile) | I21: https://012.clayton.k12.ga.us/staff/directory | J21: https://012.clayton.k12.ga.us | K21: Low
A22: Clayton County Public Schools | B22: G.P. Babb Middle School | C22: Middle | D22: Nakia Cole | E22: Science Teacher; Drone & Robotics Team co-lead | F22: Drone & Robotics Team / Science | G22: nakia.cole@clayton.k12.ga.us | H22: Verified - published on official school webpage | I22: https://011.clayton.k12.ga.us/about/points-of-pride | J22: https://011.clayton.k12.ga.us | K22: High | L22: Points of Pride (3/7/2026) credits Ms. Cole with the Drone & Robotics team.
A23: Clayton County Public Schools | B23: G.P. Babb Middle School | C23: Middle | D23: Taylor Milam | E23: Teacher-Ib/Magnet/stem-Secondary | F23: Magnet/STEM Program | G23: taylor.milam@clayton.k12.ga.us | H23: Verified - official school staff directory (profile) | I23: https://011.clayton.k12.ga.us/staff | J23: https://011.clayton.k12.ga.us | K23: High
A24: Clayton County Public Schools | B24: G.P. Babb Middle School | C24: Middle | D24: Ashley Young | E24: Teacher-Computer Science | F24: Computer Science (CTAE) | G24: ashley.young@clayton.k12.ga.us | H24: Verified - official school staff directory (profile) | I24: https://011.clayton.k12.ga.us/staff | J24: https://011.clayton.k12.ga.us | K24: High
A25: Clayton County Public Schools | B25: G.P. Babb Middle School | C25: Middle | D25: Deborah Green | E25: Principal-Middle School | F25: Administration | G25: deborah.green@clayton.k12.ga.us | H25: Verified - official school staff directory (profile) | I25: https://011.clayton.k12.ga.us/staff | J25: https://011.clayton.k12.ga.us | K25: High
A26: Clayton County Public Schools | B26: G.P. Babb Middle School | C26: Middle | D26: Adeline Bazard | E26: Teacher-Science Middle School | F26: Science | G26: adeline.bazard@clayton.k12.ga.us | H26: Verified - official school staff directory (profile) | I26: https://011.clayton.k12.ga.us/staff | J26: https://011.clayton.k12.ga.us | K26: Low
A27: Clayton County Public Schools | B27: Jonesboro Middle School | C27: Middle | D27: Kim Nguyen | E27: Teacher-Technology Middle Sch | F27: Technology (Connections) | G27: kim.nguyen@clayton.k12.ga.us | H27: Verified - official school staff directory (profile) | I27: https://014.clayton.k12.ga.us/staff/directory | J27: https://014.clayton.k12.ga.us | K27: High
A28: Clayton County Public Schools | B28: Jonesboro Middle School | C28: Middle | D28: Onequa Hampshire | E28: Teacher-Computer Tech Mid Sch | F28: Computer Technology (Connections) | G28: onequa.hampshire@clayton.k12.ga.us | H28: Verified - official school staff directory (profile) | I28: https://014.clayton.k12.ga.us/staff/directory | J28: https://014.clayton.k12.ga.us | K28: High
A29: Clayton County Public Schools | B29: Jonesboro Middle School | C29: Middle | D29: Kimberlee Barnett | E29: Principal-Middle School | F29: Administration | G29: kimberlee.barnett@clayton.k12.ga.us | H29: Verified - official school staff directory (profile) | I29: https://014.clayton.k12.ga.us/staff/directory | J29: https://014.clayton.k12.ga.us | K29: High
A30: Clayton County Public Schools | B30: Jonesboro Middle School | C30: Middle | D30: Wendy Thompson | E30: Teacher-Gifted Science | F30: Science | G30: wendy.thompson@clayton.k12.ga.us | H30: Verified - official school staff directory (profile) | I30: https://014.clayton.k12.ga.us/staff/directory | J30: https://014.clayton.k12.ga.us | K30: Medium
A31: Clayton County Public Schools | B31: Jonesboro Middle School | C31: Middle | D31: Michael Walraven | E31: Ast Principal-Middle School | F31: Administration | G31: michael.walraven@clayton.k12.ga.us | H31: Verified - official school staff directory (profile) | I31: https://014.clayton.k12.ga.us/staff/directory | J31: https://014.clayton.k12.ga.us | K31: Medium
A32: Clayton County Public Schools | B32: M.D. Roberts School of the Arts | C32: Middle | D32: Jessie Henry | E32: Computer Science Teacher | F32: Computer Science (Connections) | G32: jessie.henry@clayton.k12.ga.us | H32: Verified - published on official school webpage | I32: https://025.clayton.k12.ga.us/staff/directory | J32: https://025.clayton.k12.ga.us | K32: High
A33: Clayton County Public Schools | B33: M.D. Roberts School of the Arts | C33: Middle | D33: Dr. Caryn Turner | E33: Principal | F33: Administration | G33: caryn.turner@clayton.k12.ga.us | H33: Verified - published on official school webpage | I33: https://025.clayton.k12.ga.us/about/administration | J33: https://025.clayton.k12.ga.us | K33: High | L33: mailto link on Administration page (capitalized as Caryn.turner@).
A34: Clayton County Public Schools | B34: M.D. Roberts School of the Arts | C34: Middle | D34: Dr. Stacy Black | E34: Assistant Principal | F34: Administration | G34: stacy.black@clayton.k12.ga.us | H34: Verified - published on official school webpage | I34: https://025.clayton.k12.ga.us/about/administration | J34: https://025.clayton.k12.ga.us | K34: Medium | L34: Email rendered by the page's Finalsite email script. Grade-level assignment differs between page sections (7th grade listed).
A35: Clayton County Public Schools | B35: M.D. Roberts School of the Arts | C35: Middle | D35: Torressa Smith | E35: Physical Science Teacher (8th grade) | F35: Science | G35: torressa.smith@clayton.k12.ga.us | H35: Verified - published on official school webpage | I35: https://025.clayton.k12.ga.us/staff/directory | J35: https://025.clayton.k12.ga.us | K35: Low
A36: Clayton County Public Schools | B36: M.D. Roberts School of the Arts | C36: Middle | D36: Gary Lomba | E36: Assistant Principal (Fine Arts) | F36: Administration | G36: gary.lomba@clayton.k12.ga.us | H36: Verified - published on official school webpage | I36: https://025.clayton.k12.ga.us/about/administration | J36: https://025.clayton.k12.ga.us | K36: Low | L36: Email rendered by the page's Finalsite email script.
A37: Clayton County Public Schools | B37: Morrow Middle School | C37: Middle | D37: Valencia Smith | E37: Teacher-Computer Tech Mid Sch | F37: Computer Technology (Connections) | G37: valencia.smith@clayton.k12.ga.us | H37: Verified - official school staff directory (profile) | I37: https://015.clayton.k12.ga.us/staff | J37: https://015.clayton.k12.ga.us | K37: High
A38: Clayton County Public Schools | B38: Morrow Middle School | C38: Middle | D38: Christopher Robinson | E38: Principal-Middle School | F38: Administration | G38: christopher.robinson@clayton.k12.ga.us | H38: Verified - official school staff directory (profile) | I38: https://015.clayton.k12.ga.us/staff | J38: https://015.clayton.k12.ga.us | K38: High
A39: Clayton County Public Schools | B39: Morrow Middle School | C39: Middle | D39: Deon Pennyman | E39: Teacher-Gifted Science | F39: Science | G39: deon.pennyman@clayton.k12.ga.us | H39: Verified - official school staff directory (profile) | I39: https://015.clayton.k12.ga.us/staff | J39: https://015.clayton.k12.ga.us | K39: Medium
A40: Clayton County Public Schools | B40: Morrow Middle School | C40: Middle | D40: David Johnson | E40: Ast Principal-Middle School | F40: Administration | G40: david.johnson@clayton.k12.ga.us | H40: Verified - official school staff directory (profile) | I40: https://015.clayton.k12.ga.us/staff | J40: https://015.clayton.k12.ga.us | K40: Medium
A41: Clayton County Public Schools | B41: Morrow Middle School | C41: Middle | D41: Nicole Jones | E41: Ast Principal-Middle School | F41: Administration | G41: nicole.reese@clayton.k12.ga.us | H41: Verified - official school staff directory (profile) | I41: https://015.clayton.k12.ga.us/staff | J41: https://015.clayton.k12.ga.us | K41: Medium
A42: Clayton County Public Schools | B42: Mundy's Mill Middle School | C42: Middle | D42: Heather Peterson | E42: STEM Lead | F42: STEM / Instructional Support (S.T.E.A.M. school) | G42: heather.peterson@clayton.k12.ga.us | H42: Verified - published on official school webpage | I42: https://016.clayton.k12.ga.us/departments/instructional-support | J42: https://016.clayton.k12.ga.us | K42: High | L42: Listed as STEM Lead on the Instructional Support page.
A43: Clayton County Public Schools | B43: Mundy's Mill Middle School | C43: Middle | D43: Lorraine Houlder | E43: Teacher-Engineering/Technology | F43: Engineering & Technology (CTAE) | G43: lorraine.houlder@clayton.k12.ga.us | H43: Verified - official school staff directory (profile) | I43: https://007.clayton.k12.ga.us/staff | J43: https://016.clayton.k12.ga.us | K43: High | L43: Directory profile lists multiple locations: Mt Zion Hs, Mundy'S Mill Ms.
A44: Clayton County Public Schools | B44: Mundy's Mill Middle School | C44: Middle | D44: Katharina Wade | E44: Computer Science Teacher | F44: Computer Science (Connections) | G44: katharina.wade@clayton.k12.ga.us | H44: Verified - published on official school webpage | I44: https://016.clayton.k12.ga.us/academics/connections | J44: https://016.clayton.k12.ga.us | K44: High | L44: Listed under Connections as Computer Science; profile also lists Brown ES.
A45: Clayton County Public Schools | B45: Mundy's Mill Middle School | C45: Middle | D45: Karen Artis | E45: Teacher-Technology Middle Sch | F45: Technology (Connections) | G45: karen.artis@clayton.k12.ga.us | H45: Verified - official school staff directory (profile) | I45: https://029.clayton.k12.ga.us/staff | J45: https://016.clayton.k12.ga.us | K45: High | L45: Directory profile lists multiple locations: Mundy'S Mill Ms, Rex Mill Ms.
A46: Clayton County Public Schools | B46: Mundy's Mill Middle School | C46: Middle | D46: Carlos Cliett | E46: Teacher-Science Middle School | F46: Science | G46: carlos.cliett@clayton.k12.ga.us | H46: Verified - official school staff directory (profile) | I46: https://311.clayton.k12.ga.us/departments/faculty-staff | J46: https://016.clayton.k12.ga.us | K46: Low | L46: Directory profile lists multiple locations: Mundy'S Mill Hs, Mundy'S Mill Ms.
A47: Clayton County Public Schools | B47: North Clayton Middle School | C47: Middle | D47: Brittney Blackwell | E47: Magnet Specialist (grant funded) | F47: Magnet Program | G47: brittney.blackwell@clayton.k12.ga.us | H47: Verified - official school staff directory (profile) | I47: https://017.clayton.k12.ga.us/staff/directory | J47: https://017.clayton.k12.ga.us | K47: High | L47: Magnet Specialist per directory.
A48: Clayton County Public Schools | B48: North Clayton Middle School | C48: Middle | D48: Beverly Scott | E48: Teacher-Computer Tech Mid Sch | F48: Computer Technology (Connections) | G48: beverly.scott@clayton.k12.ga.us | H48: Verified - official school staff directory (profile) | I48: https://017.clayton.k12.ga.us/staff/directory | J48: https://017.clayton.k12.ga.us | K48: High
A49: Clayton County Public Schools | B49: North Clayton Middle School | C49: Middle | D49: Nina Shannon | E49: Teacher-Technology Middle Sch | F49: Technology (Connections) | G49: nina.shannon@clayton.k12.ga.us | H49: Verified - official school staff directory (profile) | I49: https://017.clayton.k12.ga.us/staff/directory | J49: https://017.clayton.k12.ga.us | K49: High
A50: Clayton County Public Schools | B50: North Clayton Middle School | C50: Middle | D50: Shakeria Chaney | E50: Principal-Middle School | F50: Administration | G50: shakeria.chaney@clayton.k12.ga.us | H50: Verified - official school staff directory (profile) | I50: https://017.clayton.k12.ga.us/staff/directory | J50: https://017.clayton.k12.ga.us | K50: High
A51: Clayton County Public Schools | B51: North Clayton Middle School | C51: Middle | D51: Crystal Husbands | E51: Teacher-Science Middle School | F51: Science | G51: crystal.husbands@clayton.k12.ga.us | H51: Verified - official school staff directory (profile) | I51: https://017.clayton.k12.ga.us/staff/directory | J51: https://017.clayton.k12.ga.us | K51: Low
A52: Clayton County Public Schools | B52: Pointe South Middle School | C52: Middle | D52: Imani Warden | E52: Teacher-Computer Science | F52: Computer Science (CTAE) | G52: imani.warden@clayton.k12.ga.us | H52: Verified - official school staff directory (profile) | I52: https://020.clayton.k12.ga.us/staff/directory | J52: https://020.clayton.k12.ga.us | K52: High
A53: Clayton County Public Schools | B53: Pointe South Middle School | C53: Middle | D53: Tiyon Watson | E53: Teacher-Technology Middle Sch | F53: Technology (Connections) | G53: tiyon.watson@clayton.k12.ga.us | H53: Verified - official school staff directory (profile) | I53: https://020.clayton.k12.ga.us/staff/directory | J53: https://020.clayton.k12.ga.us | K53: High
A54: Clayton County Public Schools | B54: Pointe South Middle School | C54: Middle | D54: Malakia Wright | E54: Principal-Middle School | F54: Administration | G54: malakia.wright@clayton.k12.ga.us | H54: Verified - official school staff directory (profile) | I54: https://020.clayton.k12.ga.us/staff/directory | J54: https://020.clayton.k12.ga.us | K54: High
A55: Clayton County Public Schools | B55: Pointe South Middle School | C55: Middle | D55: Corey Stephens | E55: Ast Principal-Middle School | F55: Administration | G55: corey.stephens@clayton.k12.ga.us | H55: Verified - official school staff directory (profile) | I55: https://020.clayton.k12.ga.us/staff/directory | J55: https://020.clayton.k12.ga.us | K55: Medium
A56: Clayton County Public Schools | B56: Pointe South Middle School | C56: Middle | D56: Jelani Narcisse | E56: Teacher-Science Middle School | F56: Science | G56: jelani.narcisse@clayton.k12.ga.us | H56: Verified - official school staff directory (profile) | I56: https://020.clayton.k12.ga.us/staff/directory | J56: https://020.clayton.k12.ga.us | K56: Low
A57: Clayton County Public Schools | B57: Rex Mill Middle School | C57: Middle | D57: Rose Powell | E57: Teacher-Computer Tech Mid Sch | F57: Computer Technology (Connections) | G57: rose.powell@clayton.k12.ga.us | H57: Verified - official school staff directory (profile) | I57: https://029.clayton.k12.ga.us/staff | J57: https://029.clayton.k12.ga.us | K57: High
A58: Clayton County Public Schools | B58: Rex Mill Middle School | C58: Middle | D58: Karen Artis | E58: Teacher-Technology Middle Sch | F58: Technology (Connections) | G58: karen.artis@clayton.k12.ga.us | H58: Verified - official school staff directory (profile) | I58: https://029.clayton.k12.ga.us/staff | J58: https://029.clayton.k12.ga.us | K58: High | L58: Directory profile lists multiple locations: Mundy'S Mill Ms, Rex Mill Ms.
A59: Clayton County Public Schools | B59: Rex Mill Middle School | C59: Middle | D59: Jarrett Proctor | E59: Principal-Middle School | F59: Administration | G59: jarrett.proctor@clayton.k12.ga.us | H59: Verified - official school staff directory (profile) | I59: https://029.clayton.k12.ga.us/staff | J59: https://029.clayton.k12.ga.us | K59: High
A60: Clayton County Public Schools | B60: Rex Mill Middle School | C60: Middle | D60: Anthony Barnes | E60: Ast Principal-Middle School | F60: Administration | G60: anthony.barnes@clayton.k12.ga.us | H60: Verified - official school staff directory (profile) | I60: https://029.clayton.k12.ga.us/staff | J60: https://029.clayton.k12.ga.us | K60: Medium
A61: Clayton County Public Schools | B61: Rex Mill Middle School | C61: Middle | D61: Breonca Ashley | E61: Teacher-Science Middle School | F61: Science | G61: breonca.ashley@clayton.k12.ga.us | H61: Verified - official school staff directory (profile) | I61: https://029.clayton.k12.ga.us/staff | J61: https://029.clayton.k12.ga.us | K61: Low
A62: Clayton County Public Schools | B62: Riverdale Middle School | C62: Middle | D62: Eugene Bridges | E62: Teacher-Computer Tech Mid Sch | F62: Computer Technology (Connections) | G62: eugene.bridges@clayton.k12.ga.us | H62: Verified - official school staff directory (profile) | I62: https://018.clayton.k12.ga.us/directory | J62: https://018.clayton.k12.ga.us | K62: High
A63: Clayton County Public Schools | B63: Riverdale Middle School | C63: Middle | D63: Tammy Weatherspoon | E63: Teacher-Technology Middle Sch | F63: Technology (Connections) | G63: tammy.weatherspoon@clayton.k12.ga.us | H63: Verified - official school staff directory (profile) | I63: https://018.clayton.k12.ga.us/directory | J63: https://018.clayton.k12.ga.us | K63: High
A64: Clayton County Public Schools | B64: Riverdale Middle School | C64: Middle | D64: Cedrick Coleman | E64: Principal-Middle School | F64: Administration | G64: cedrick.coleman@clayton.k12.ga.us | H64: Verified - official school staff directory (profile) | I64: https://018.clayton.k12.ga.us/directory | J64: https://018.clayton.k12.ga.us | K64: High
A65: Clayton County Public Schools | B65: Riverdale Middle School | C65: Middle | D65: Mr. Smith (Michael Smith II) | E65: Science Department Chair (8th grade team) | F65: Science | G65: michael.smithii@clayton.k12.ga.us | H65: Verified - published on official school webpage | I65: https://018.clayton.k12.ga.us/directory/8th-grade-team | J65: https://018.clayton.k12.ga.us | K65: Medium | L65: Listed as "Mr. Smith (Science Department Chair)" on the 8th Grade Team page; first name inferred from email only. Directory profile lists multiple locations: Mundy'S Mill Ms, Riverdale Ms.
A66: Clayton County Public Schools | B66: Riverdale Middle School | C66: Middle | D66: Catrina Edwards | E66: Ast Principal-Middle School | F66: Administration | G66: catrina.edwards@clayton.k12.ga.us | H66: Verified - official school staff directory (profile) | I66: https://018.clayton.k12.ga.us/directory | J66: https://018.clayton.k12.ga.us | K66: Medium
A67: Clayton County Public Schools | B67: Sequoyah Middle School | C67: Middle | D67: Monique Lewis | E67: Teacher-Computer Tech Mid Sch | F67: Computer Technology (Connections) | G67: monique.lewis@clayton.k12.ga.us | H67: Verified - official school staff directory (profile) | I67: https://028.clayton.k12.ga.us/staff | J67: https://028.clayton.k12.ga.us | K67: High | L67: Directory profile lists multiple locations: Kendrick Ms, Sequoyah Ms.
A68: Clayton County Public Schools | B68: Sequoyah Middle School | C68: Middle | D68: Jhamare Hartsfield | E68: Principal-Middle School | F68: Administration | G68: jhamare.hartsfield@clayton.k12.ga.us | H68: Verified - official school staff directory (profile) | I68: https://028.clayton.k12.ga.us/staff | J68: https://028.clayton.k12.ga.us | K68: High
A69: Clayton County Public Schools | B69: Sequoyah Middle School | C69: Middle | D69: Sonja Bennings | E69: Ast Principal-Middle School | F69: Administration | G69: sonja.bennings@clayton.k12.ga.us | H69: Verified - official school staff directory (profile) | I69: https://028.clayton.k12.ga.us/staff | J69: https://028.clayton.k12.ga.us | K69: Medium
A70: Clayton County Public Schools | B70: Sequoyah Middle School | C70: Middle | D70: Lawrence Yarbrough | E70: Ast Principal-Middle School | F70: Administration | G70: lawrence.yarbrough@clayton.k12.ga.us | H70: Verified - official school staff directory (profile) | I70: https://028.clayton.k12.ga.us/staff | J70: https://028.clayton.k12.ga.us | K70: Medium | L70: Directory profile lists multiple locations: Forest Park Ms, Sequoyah Ms.
A71: Clayton County Public Schools | B71: Sequoyah Middle School | C71: Middle | D71: Henretta Reese | E71: Teacher-Science Middle School | F71: Science | G71: henretta.reese@clayton.k12.ga.us | H71: Verified - official school staff directory (profile) | I71: https://028.clayton.k12.ga.us/staff | J71: https://028.clayton.k12.ga.us | K71: Low
A72: Clayton County Public Schools | B72: Utopian Academy for the Arts Middle School | C72: Middle | D72: Toujour Eugene | E72: Animation & Coding Teacher | F72: Animation & Coding | G72: toujour.eugene@utopianacademy.com | H72: Verified - published on official school webpage | I72: https://utopianacademyforthearts.com/middleschoolteam/ | J72: https://utopianacademyforthearts.com/middleschoolhome/ | K72: High
A73: Clayton County Public Schools | B73: Utopian Academy for the Arts Middle School | C73: Middle | D73: Travis Joshua | E73: Principal, UAFA Middle School | F73: Administration | G73: travis.joshua@utopianacademy.com | H73: Verified - published on official school webpage | I73: https://utopianacademyforthearts.com/middleschoolteam/ | J73: https://utopianacademyforthearts.com/middleschoolhome/ | K73: High | L73: Also listed on the official CCPS Charter Schools page: https://www.clayton.k12.ga.us/departments/charter-school-petition-guidelines/ccps-charter-schools
A74: Clayton County Public Schools | B74: Utopian Academy for the Arts Middle School | C74: Middle | D74: Dr. Artesius Miller | E74: Founder & CEO, UAFA Charter Network | F74: Network Leadership | G74: artesius.miller@utopianacademy.com | H74: Verified - published on official school webpage | I74: https://utopianacademyforthearts.com/uafaleadership/ | J74: https://utopianacademyforthearts.com/middleschoolhome/ | K74: Medium | L74: Network-level decision maker for all UAFA campuses (also relevant to UAFA High School).
A75: Clayton County Public Schools | B75: Utopian Academy for the Arts Middle School | C75: Middle | D75: Christopher Starks | E75: 8th Grade Science Teacher | F75: Science | G75: christopher.starks@utopianacademy.com | H75: Verified - published on official school webpage | I75: https://utopianacademyforthearts.com/middleschoolteam/ | J75: https://utopianacademyforthearts.com/middleschoolhome/ | K75: Low
A76: Clayton County Public Schools | B76: Utopian Academy for the Arts Middle School | C76: Middle | D76: Damion Miller | E76: Dean of Students | F76: Administration | G76: damion.miller@utopianacademy.com | H76: Verified - published on official school webpage | I76: https://utopianacademyforthearts.com/middleschoolteam/ | J76: https://utopianacademyforthearts.com/middleschoolhome/ | K76: Low
A77: Clayton County Public Schools | B77: Charles R. Drew High School | C77: High | D77: Phillip Noble | E77: Teacher-Engineering/Technology | F77: Engineering & Technology (CTAE) | G77: phillip.noble@clayton.k12.ga.us | H77: Verified - official school staff directory (profile) | I77: https://315.clayton.k12.ga.us/staff/directory | J77: https://315.clayton.k12.ga.us | K77: High
A78: Clayton County Public Schools | B78: Charles R. Drew High School | C78: High | D78: Tiffany Mays | E78: Teacher-Career Technical Instruction (cti) | F78: CTAE | G78: tiffany.mays@clayton.k12.ga.us | H78: Verified - official school staff directory (profile) | I78: https://315.clayton.k12.ga.us/staff/directory | J78: https://315.clayton.k12.ga.us | K78: High
A79: Clayton County Public Schools | B79: Charles R. Drew High School | C79: High | D79: Tangela Benjamin | E79: Principal-High School | F79: Administration | G79: tangela.benjamin@clayton.k12.ga.us | H79: Verified - official school staff directory (profile) | I79: https://315.clayton.k12.ga.us/staff/directory | J79: https://315.clayton.k12.ga.us | K79: High
A80: Clayton County Public Schools | B80: Charles R. Drew High School | C80: High | D80: Kenneth Chong | E80: Science Department Chair; Physics/AP Physics Teacher | F80: Science | G80: kenneth.chong@clayton.k12.ga.us | H80: Verified - published on official school webpage | I80: https://315.clayton.k12.ga.us/staff | J80: https://315.clayton.k12.ga.us | K80: Medium | L80: Described as Science Department Chair (2024-25 Teacher of the Year blurb on staff page).
A81: Clayton County Public Schools | B81: Charles R. Drew High School | C81: High | D81: Dennis Truitt | E81: Ast Principal-High School | F81: Administration | G81: dennis.truitt@clayton.k12.ga.us | H81: Verified - official school staff directory (profile) | I81: https://315.clayton.k12.ga.us/staff/directory | J81: https://315.clayton.k12.ga.us | K81: Medium
A82: Clayton County Public Schools | B82: Forest Park High School | C82: High | D82: Jimmie Fox | E82: JROTC Instructor; Robotics Club Sponsor | F82: Robotics Club | G82: jimmie.fox@clayton.k12.ga.us | H82: Verified - published on official school webpage | I82: https://001.clayton.k12.ga.us/clubs-org/robotics | J82: https://001.clayton.k12.ga.us | K82: High | L82: Named Robotics Club sponsor on the school robotics club page.
A83: Clayton County Public Schools | B83: Forest Park High School | C83: High | D83: Mia Walker | E83: Information Technology Teacher; TSA Sponsor | F83: Technology Student Association (TSA) / CTAE | G83: mia.walker@clayton.k12.ga.us | H83: Verified - published on official school webpage | I83: https://001.clayton.k12.ga.us/clubs-org/tsa | J83: https://001.clayton.k12.ga.us | K83: High | L83: TSA sponsor per school club page; directory title Teacher-Information Technology.
A84: Clayton County Public Schools | B84: Forest Park High School | C84: High | D84: Charles Stafford | E84: Teacher-Information Technology | F84: Information Technology (CTAE) | G84: charles.stafford@clayton.k12.ga.us | H84: Verified - official school staff directory (profile) | I84: https://001.clayton.k12.ga.us/staff | J84: https://001.clayton.k12.ga.us | K84: High
A85: Clayton County Public Schools | B85: Forest Park High School | C85: High | D85: Kim Dancy | E85: Principal-High School | F85: Administration | G85: kim.dancy@clayton.k12.ga.us | H85: Verified - official school staff directory (profile) | I85: https://001.clayton.k12.ga.us/staff | J85: https://001.clayton.k12.ga.us | K85: High
A86: Clayton County Public Schools | B86: Forest Park High School | C86: High | D86: Carline Richardson | E86: Teacher-Science | F86: Science | G86: carline.richardson@clayton.k12.ga.us | H86: Verified - official school staff directory (profile) | I86: https://001.clayton.k12.ga.us/staff | J86: https://001.clayton.k12.ga.us | K86: Low
A87: Clayton County Public Schools | B87: Jonesboro High School | C87: High | D87: Andrew Cox | E87: Engineering/Technology Teacher | F87: Engineering (CTAE) / TSA | G87: john.cox@clayton.k12.ga.us | H87: Verified - official school staff directory (profile) | I87: https://002.clayton.k12.ga.us/staff/directory | J87: https://002.clayton.k12.ga.us | K87: High | L87: Directory: Teacher-Engineering/Technology (email john.cox@ per directory profile and staff page). Science dept page also lists an Andrew Cox as chairperson with Andrew.Cox@ address - pages conflict; directory profile address used.
A88: Clayton County Public Schools | B88: Jonesboro High School | C88: High | D88: Dr. Martina Morris-Orr | E88: Computer Science Teacher | F88: Computer Science (CTAE) | G88: martina.morris-orr@clayton.k12.ga.us | H88: Verified - official school staff directory (profile) | I88: https://002.clayton.k12.ga.us/staff/directory | J88: https://002.clayton.k12.ga.us | K88: High
A89: Clayton County Public Schools | B89: Jonesboro High School | C89: High | D89: William Dean | E89: Teacher-Career Technical Instruction (cti) | F89: CTAE | G89: william.dean@clayton.k12.ga.us | H89: Verified - official school staff directory (profile) | I89: https://002.clayton.k12.ga.us/staff/directory | J89: https://002.clayton.k12.ga.us | K89: High
A90: Clayton County Public Schools | B90: Jonesboro High School | C90: High | D90: Tenisha Bailey | E90: Principal-High School | F90: Administration | G90: tenisha.bailey@clayton.k12.ga.us | H90: Verified - official school staff directory (profile) | I90: https://002.clayton.k12.ga.us/staff/directory | J90: https://002.clayton.k12.ga.us | K90: High
A91: Clayton County Public Schools | B91: Jonesboro High School | C91: High | D91: Katherine Williams-Tanner | E91: Teacher-Gifted Science | F91: Science | G91: katherine.williams-tanner@clayton.k12.ga.us | H91: Verified - official school staff directory (profile) | I91: https://002.clayton.k12.ga.us/staff/directory | J91: https://002.clayton.k12.ga.us | K91: Medium
A92: Clayton County Public Schools | B92: Lovejoy High School | C92: High | D92: Laticsha Elder | E92: Teacher-Career Technical Instruction (cti) | F92: CTAE | G92: laticsha.elder@clayton.k12.ga.us | H92: Verified - official school staff directory (profile) | I92: https://006.clayton.k12.ga.us/departments/faculty-staff | J92: https://006.clayton.k12.ga.us | K92: High
A93: Clayton County Public Schools | B93: Lovejoy High School | C93: High | D93: Kelvin Griffin | E93: Principal-High School | F93: Administration | G93: kelvin.griffin@clayton.k12.ga.us | H93: Verified - official school staff directory (profile) | I93: https://006.clayton.k12.ga.us/departments/faculty-staff | J93: https://006.clayton.k12.ga.us | K93: High | L93: Directory profile lists multiple locations: Lovejoy Hs, White Academy Ms.
A94: Clayton County Public Schools | B94: Lovejoy High School | C94: High | D94: Dwayne Boddie | E94: Ast Principal-High School | F94: Administration | G94: dwayne.boddie@clayton.k12.ga.us | H94: Verified - official school staff directory (profile) | I94: https://006.clayton.k12.ga.us/departments/faculty-staff | J94: https://006.clayton.k12.ga.us | K94: Medium
A95: Clayton County Public Schools | B95: Lovejoy High School | C95: High | D95: Simone Wilson-Hunt | E95: Ast Principal-High School | F95: Administration | G95: simone.wilson-hunt@clayton.k12.ga.us | H95: Verified - official school staff directory (profile) | I95: https://006.clayton.k12.ga.us/departments/faculty-staff | J95: https://006.clayton.k12.ga.us | K95: Medium
A96: Clayton County Public Schools | B96: Lovejoy High School | C96: High | D96: Cheryl Wilder | E96: Teacher-Science | F96: Science | G96: cheryl.wilder@clayton.k12.ga.us | H96: Verified - official school staff directory (profile) | I96: https://006.clayton.k12.ga.us/departments/faculty-staff | J96: https://006.clayton.k12.ga.us | K96: Low
A97: Clayton County Public Schools | B97: Martha Ellen Stilwell School of the Arts | C97: High | D97: Brenda Ross-Wilson | E97: Principal-High School | F97: Administration | G97: brenda.ross-wilson@clayton.k12.ga.us | H97: Verified - official school staff directory (profile) | I97: https://316.clayton.k12.ga.us/staff/directory | J97: https://316.clayton.k12.ga.us | K97: High
A98: Clayton County Public Schools | B98: Martha Ellen Stilwell School of the Arts | C98: High | D98: Tomeka Crum | E98: Ast Principal-High School | F98: Administration | G98: tomeka.crum@clayton.k12.ga.us | H98: Verified - official school staff directory (profile) | I98: https://316.clayton.k12.ga.us/staff/directory | J98: https://316.clayton.k12.ga.us | K98: Medium
A99: Clayton County Public Schools | B99: Martha Ellen Stilwell School of the Arts | C99: High | D99: Britney Lee | E99: Ast Principal-High School | F99: Administration | G99: britney.lee@clayton.k12.ga.us | H99: Verified - official school staff directory (profile) | I99: https://316.clayton.k12.ga.us/staff/directory | J99: https://316.clayton.k12.ga.us | K99: Medium | L99: Directory profile lists multiple locations: Fine Arts, Stilwell School Of The Arts, Theme Schools.
A100: Clayton County Public Schools | B100: Martha Ellen Stilwell School of the Arts | C100: High | D100: Tanya Kirk | E100: Ast Principal-High School | F100: Administration | G100: tanya.kirk@clayton.k12.ga.us | H100: Verified - official school staff directory (profile) | I100: https://316.clayton.k12.ga.us/staff/directory | J100: https://316.clayton.k12.ga.us | K100: Medium | L100: Directory profile lists multiple locations: Elite Scholars Academy, Stilwell School Of The Arts.
...

Sheet Complete School List
A1: School District | B1: School Name | C1: School Type | D1: Grades Served | E1: Official School Website | F1: Official Directory Source | G1: Number of Verified Contacts Found | H1: Research Status | I1: Notes
A2: Clayton County Public Schools | B2: Adamson Middle School | C2: Middle | D2: 6-8 | E2: https://019.clayton.k12.ga.us | F2: https://www.clayton.k12.ga.us/about/district-schools | G2: =COUNTIFS('School Contacts'!$B$2:$B$304,B2,'School Contacts'!$H$2:$H$304,"Verified*") -> 5 | H2: =IF(G2>=3,"Complete - 3+ verified contacts",IF(G2>0,"Partial - limited public contact info","No verified contacts found")) -> Complete - 3+ verified contacts | I2: Technology & Robotics Club page names "Mr. Stinson", who is now assigned to Forest Park MS per directory profile; no current Adamson robotics sponsor identified.
A3: Clayton County Public Schools | B3: Carrie D. Kendrick Middle School | C3: Middle | D3: 6-8 | E3: https://024.clayton.k12.ga.us | F3: https://www.clayton.k12.ga.us/about/district-schools | G3: =COUNTIFS('School Contacts'!$B$2:$B$304,B3,'School Contacts'!$H$2:$H$304,"Verified*") -> 5 | H3: =IF(G3>=3,"Complete - 3+ verified contacts",IF(G3>0,"Partial - limited public contact info","No verified contacts found")) -> Complete - 3+ verified contacts | I3: About page mis-links some staff emails (e.g., principal link points to another person); directory profile addresses used instead.
A4: Clayton County Public Schools | B4: Eddie White Middle Academy | C4: Middle | D4: 6-8 | E4: https://031.clayton.k12.ga.us | F4: https://www.clayton.k12.ga.us/about/district-schools | G4: =COUNTIFS('School Contacts'!$B$2:$B$304,B4,'School Contacts'!$H$2:$H$304,"Verified*") -> 5 | H4: =IF(G4>=3,"Complete - 3+ verified contacts",IF(G4>0,"Partial - limited public contact info","No verified contacts found")) -> Complete - 3+ verified contacts
A5: Clayton County Public Schools | B5: Forest Park Middle School | C5: Middle | D5: 6-8 | E5: https://012.clayton.k12.ga.us | F5: https://www.clayton.k12.ga.us/about/district-schools | G5: =COUNTIFS('School Contacts'!$B$2:$B$304,B5,'School Contacts'!$H$2:$H$304,"Verified*") -> 5 | H5: =IF(G5>=3,"Complete - 3+ verified contacts",IF(G5>0,"Partial - limited public contact info","No verified contacts found")) -> Complete - 3+ verified contacts
A6: Clayton County Public Schools | B6: G.P. Babb Middle School | C6: Middle | D6: 6-8 | E6: https://011.clayton.k12.ga.us | F6: https://www.clayton.k12.ga.us/about/district-schools | G6: =COUNTIFS('School Contacts'!$B$2:$B$304,B6,'School Contacts'!$H$2:$H$304,"Verified*") -> 5 | H6: =IF(G6>=3,"Complete - 3+ verified contacts",IF(G6>0,"Partial - limited public contact info","No verified contacts found")) -> Complete - 3+ verified contacts | I6: Drone & Robotics team (Points of Pride 3/2026).
A7: Clayton County Public Schools | B7: Jonesboro Middle School | C7: Middle | D7: 6-8 | E7: https://014.clayton.k12.ga.us | F7: https://www.clayton.k12.ga.us/about/district-schools | G7: =COUNTIFS('School Contacts'!$B$2:$B$304,B7,'School Contacts'!$H$2:$H$304,"Verified*") -> 5 | H7: =IF(G7>=3,"Complete - 3+ verified contacts",IF(G7>0,"Partial - limited public contact info","No verified contacts found")) -> Complete - 3+ verified contacts
A8: Clayton County Public Schools | B8: M.D. Roberts School of the Arts | C8: Middle | D8: 6-8 | E8: https://025.clayton.k12.ga.us | F8: https://www.clayton.k12.ga.us/about/district-schools | G8: =COUNTIFS('School Contacts'!$B$2:$B$304,B8,'School Contacts'!$H$2:$H$304,"Verified*") -> 5 | H8: =IF(G8>=3,"Complete - 3+ verified contacts",IF(G8>0,"Partial - limited public contact info","No verified contacts found")) -> Complete - 3+ verified contacts | I8: Fine arts magnet. Staff directory is a plain table (no titles beyond subject).
A9: Clayton County Public Schools | B9: Morrow Middle School | C9: Middle | D9: 6-8 | E9: https://015.clayton.k12.ga.us | F9: https://www.clayton.k12.ga.us/about/district-schools | G9: =COUNTIFS('School Contacts'!$B$2:$B$304,B9,'School Contacts'!$H$2:$H$304,"Verified*") -> 5 | H9: =IF(G9>=3,"Complete - 3+ verified contacts",IF(G9>0,"Partial - limited public contact info","No verified contacts found")) -> Complete - 3+ verified contacts
A10: Clayton County Public Schools | B10: Mundy's Mill Middle School | C10: Middle | D10: 6-8 | E10: https://016.clayton.k12.ga.us | F10: https://www.clayton.k12.ga.us/about/district-schools | G10: =COUNTIFS('School Contacts'!$B$2:$B$304,B10,'School Contacts'!$H$2:$H$304,"Verified*") -> 5 | H10: =IF(G10>=3,"Complete - 3+ verified contacts",IF(G10>0,"Partial - limited public contact info","No verified contacts found")) -> Complete - 3+ verified contacts | I10: S.T.E.A.M. school with a designated STEM Lead.
A11: Clayton County Public Schools | B11: North Clayton Middle School | C11: Middle | D11: 6-8 | E11: https://017.clayton.k12.ga.us | F11: https://www.clayton.k12.ga.us/about/district-schools | G11: =COUNTIFS('School Contacts'!$B$2:$B$304,B11,'School Contacts'!$H$2:$H$304,"Verified*") -> 5 | H11: =IF(G11>=3,"Complete - 3+ verified contacts",IF(G11>0,"Partial - limited public contact info","No verified contacts found")) -> Complete - 3+ verified contacts | I11: Magnet program (grant-funded Magnet Specialist).
A12: Clayton County Public Schools | B12: Pointe South Middle School | C12: Middle | D12: 6-8 | E12: https://020.clayton.k12.ga.us | F12: https://www.clayton.k12.ga.us/about/district-schools | G12: =COUNTIFS('School Contacts'!$B$2:$B$304,B12,'School Contacts'!$H$2:$H$304,"Verified*") -> 5 | H12: =IF(G12>=3,"Complete - 3+ verified contacts",IF(G12>0,"Partial - limited public contact info","No verified contacts found")) -> Complete - 3+ verified contacts
A13: Clayton County Public Schools | B13: Rex Mill Middle School | C13: Middle | D13: 6-8 | E13: https://029.clayton.k12.ga.us | F13: https://www.clayton.k12.ga.us/about/district-schools | G13: =COUNTIFS('School Contacts'!$B$2:$B$304,B13,'School Contacts'!$H$2:$H$304,"Verified*") -> 5 | H13: =IF(G13>=3,"Complete - 3+ verified contacts",IF(G13>0,"Partial - limited public contact info","No verified contacts found")) -> Complete - 3+ verified contacts | I13: STEM magnet middle school.
A14: Clayton County Public Schools | B14: Riverdale Middle School | C14: Middle | D14: 6-8 | E14: https://018.clayton.k12.ga.us | F14: https://www.clayton.k12.ga.us/about/district-schools | G14: =COUNTIFS('School Contacts'!$B$2:$B$304,B14,'School Contacts'!$H$2:$H$304,"Verified*") -> 5 | H14: =IF(G14>=3,"Complete - 3+ verified contacts",IF(G14>0,"Partial - limited public contact info","No verified contacts found")) -> Complete - 3+ verified contacts
A15: Clayton County Public Schools | B15: Sequoyah Middle School | C15: Middle | D15: 6-8 | E15: https://028.clayton.k12.ga.us | F15: https://www.clayton.k12.ga.us/about/district-schools | G15: =COUNTIFS('School Contacts'!$B$2:$B$304,B15,'School Contacts'!$H$2:$H$304,"Verified*") -> 5 | H15: =IF(G15>=3,"Complete - 3+ verified contacts",IF(G15>0,"Partial - limited public contact info","No verified contacts found")) -> Complete - 3+ verified contacts
A16: Clayton County Public Schools | B16: Utopian Academy for the Arts Middle School | C16: Middle | D16: 6-8 | E16: https://utopianacademyforthearts.com/middleschoolhome/ | F16: https://www.clayton.k12.ga.us/departments/charter-school-petition-guidelines/ccps-charter-schools ; GOSA Enrollment by Grade 2024-25: https://download.gosa.ga.gov/2025/Enrollment_by_Grade_2024-25_2026-02-19_00_31_56.csv | G16: =COUNTIFS('School Contacts'!$B$2:$B$304,B16,'School Contacts'!$H$2:$H$304,"Verified*") -> 5 | H16: =IF(G16>=3,"Complete - 3+ verified contacts",IF(G16>0,"Partial - limited public contact info","No verified contacts found")) -> Complete - 3+ verified contacts | I16: Charter school (Clayton campus) listed on CCPS charter page; reported under Clayton County in GOSA data.
A17: Clayton County Public Schools | B17: Charles R. Drew High School | C17: High | D17: 9-12 | E17: https://315.clayton.k12.ga.us | F17: https://www.clayton.k12.ga.us/about/district-schools | G17: =COUNTIFS('School Contacts'!$B$2:$B$304,B17,'School Contacts'!$H$2:$H$304,"Verified*") -> 5 | H17: =IF(G17>=3,"Complete - 3+ verified contacts",IF(G17>0,"Partial - limited public contact info","No verified contacts found")) -> Complete - 3+ verified contacts
A18: Clayton County Public Schools | B18: Forest Park High School | C18: High | D18: 9-12 | E18: https://001.clayton.k12.ga.us | F18: https://www.clayton.k12.ga.us/about/district-schools | G18: =COUNTIFS('School Contacts'!$B$2:$B$304,B18,'School Contacts'!$H$2:$H$304,"Verified*") -> 5 | H18: =IF(G18>=3,"Complete - 3+ verified contacts",IF(G18>0,"Partial - limited public contact info","No verified contacts found")) -> Complete - 3+ verified contacts | I18: Has Robotics Club and TSA chapter.
A19: Clayton County Public Schools | B19: Jonesboro High School | C19: High | D19: 9-12 | E19: https://002.clayton.k12.ga.us | F19: https://www.clayton.k12.ga.us/about/district-schools | G19: =COUNTIFS('School Contacts'!$B$2:$B$304,B19,'School Contacts'!$H$2:$H$304,"Verified*") -> 5 | H19: =IF(G19>=3,"Complete - 3+ verified contacts",IF(G19>0,"Partial - limited public contact info","No verified contacts found")) -> Complete - 3+ verified contacts | I19: Department pages conflict on Andrew Cox role/email (see contact note).
A20: Clayton County Public Schools | B20: Lovejoy High School | C20: High | D20: 9-12 | E20: https://006.clayton.k12.ga.us | F20: https://www.clayton.k12.ga.us/about/district-schools | G20: =COUNTIFS('School Contacts'!$B$2:$B$304,B20,'School Contacts'!$H$2:$H$304,"Verified*") -> 5 | H20: =IF(G20>=3,"Complete - 3+ verified contacts",IF(G20>0,"Partial - limited public contact info","No verified contacts found")) -> Complete - 3+ verified contacts | I20: No engineering, computer science or robotics staff identifiable in directory titles or pages; CTI teacher used.
A21: Clayton County Public Schools | B21: Martha Ellen Stilwell School of the Arts | C21: High | D21: 9-12 | E21: https://316.clayton.k12.ga.us | F21: https://www.clayton.k12.ga.us/about/district-schools | G21: =COUNTIFS('School Contacts'!$B$2:$B$304,B21,'School Contacts'!$H$2:$H$304,"Verified*") -> 5 | H21: =IF(G21>=3,"Complete - 3+ verified contacts",IF(G21>0,"Partial - limited public contact info","No verified contacts found")) -> Complete - 3+ verified contacts | I21: Performing arts high school (GOSA: grades 9-12). No STEM/CTAE-titled staff in directory.
A22: Clayton County Public Schools | B22: Morrow High School | C22: High | D22: 9-12 | E22: https://003.clayton.k12.ga.us | F22: https://www.clayton.k12.ga.us/about/district-schools | G22: =COUNTIFS('School Contacts'!$B$2:$B$304,B22,'School Contacts'!$H$2:$H$304,"Verified*") -> 5 | H22: =IF(G22>=3,"Complete - 3+ verified contacts",IF(G22>0,"Partial - limited public contact info","No verified contacts found")) -> Complete - 3+ verified contacts
A23: Clayton County Public Schools | B23: Mount Zion High School | C23: High | D23: 9-12 | E23: https://007.clayton.k12.ga.us | F23: https://www.clayton.k12.ga.us/about/district-schools | G23: =COUNTIFS('School Contacts'!$B$2:$B$304,B23,'School Contacts'!$H$2:$H$304,"Verified*") -> 5 | H23: =IF(G23>=3,"Complete - 3+ verified contacts",IF(G23>0,"Partial - limited public contact info","No verified contacts found")) -> Complete - 3+ verified contacts
A24: Clayton County Public Schools | B24: Mundy's Mill High School | C24: High | D24: 9-12 | E24: https://311.clayton.k12.ga.us | F24: https://www.clayton.k12.ga.us/about/district-schools | G24: =COUNTIFS('School Contacts'!$B$2:$B$304,B24,'School Contacts'!$H$2:$H$304,"Verified*") -> 5 | H24: =IF(G24>=3,"Complete - 3+ verified contacts",IF(G24>0,"Partial - limited public contact info","No verified contacts found")) -> Complete - 3+ verified contacts | I24: STEM Program page exists but names no staff; no engineering/CS-titled staff in directory.
A25: Clayton County Public Schools | B25: North Clayton High School | C25: High | D25: 9-12 | E25: https://004.clayton.k12.ga.us | F25: https://www.clayton.k12.ga.us/about/district-schools | G25: =COUNTIFS('School Contacts'!$B$2:$B$304,B25,'School Contacts'!$H$2:$H$304,"Verified*") -> 5 | H25: =IF(G25>=3,"Complete - 3+ verified contacts",IF(G25>0,"Partial - limited public contact info","No verified contacts found")) -> Complete - 3+ verified contacts | I25: CTAE page names Gwendolyn Jones as CTAE Department Chair, but no email or directory entry found for her.
A26: Clayton County Public Schools | B26: Riverdale High School | C26: High | D26: 9-12 | E26: https://005.clayton.k12.ga.us | F26: https://www.clayton.k12.ga.us/about/district-schools | G26: =COUNTIFS('School Contacts'!$B$2:$B$304,B26,'School Contacts'!$H$2:$H$304,"Verified*") -> 5 | H26: =IF(G26>=3,"Complete - 3+ verified contacts",IF(G26>0,"Partial - limited public contact info","No verified contacts found")) -> Complete - 3+ verified contacts
A27: Clayton County Public Schools | B27: Perry Career Academy | C27: High | D27: 9-12 | E27: https://312.clayton.k12.ga.us | F27: https://www.clayton.k12.ga.us/about/district-schools ; GOSA Enrollment by Grade 2024-25: https://download.gosa.ga.gov/2025/Enrollment_by_Grade_2024-25_2026-02-19_00_31_56.csv | G27: =COUNTIFS('School Contacts'!$B$2:$B$304,B27,'School Contacts'!$H$2:$H$304,"Verified*") -> 5 | H27: =IF(G27>=3,"Complete - 3+ verified contacts",IF(G27>0,"Partial - limited public contact info","No verified contacts found")) -> Complete - 3+ verified contacts | I27: Alternative/career high school (Eula Wilburn Ponds Perry Center for Learning).
A28: Clayton County Public Schools | B28: Utopian Academy for the Arts High School | C28: High | D28: 9-12 | E28: https://utopianacademyforthearts.com/uafahighschool/ | F28: https://www.clayton.k12.ga.us/departments/charter-school-petition-guidelines/ccps-charter-schools ; https://scsc.georgia.gov/document/document/2025-2026-master-charter-school-list/download | G28: =COUNTIFS('School Contacts'!$B$2:$B$304,B28,'School Contacts'!$H$2:$H$304,"Verified*") -> 5 | H28: =IF(G28>=3,"Complete - 3+ verified contacts",IF(G28>0,"Partial - limited public contact info","No verified contacts found")) -> Complete - 3+ verified contacts | I28: Clayton-authorized charter. Principal email not published.
A29: Clayton County Public Schools | B29: Elite Scholars Academy | C29: Combined | D29: 6-12 | E29: https://099.clayton.k12.ga.us | F29: https://www.clayton.k12.ga.us/about/district-schools ; GOSA Enrollment by Grade 2024-25: https://download.gosa.ga.gov/2025/Enrollment_by_Grade_2024-25_2026-02-19_00_31_56.csv | G29: =COUNTIFS('School Contacts'!$B$2:$B$304,B29,'School Contacts'!$H$2:$H$304,"Verified*") -> 5 | H29: =IF(G29>=3,"Complete - 3+ verified contacts",IF(G29>0,"Partial - limited public contact info","No verified contacts found")) -> Complete - 3+ verified contacts
A30: Clayton County Public Schools | B30: Tapestry Public Charter School (Clayton campus) | C30: Combined | D30: 6-12 (state 2025-26 list shows 6-10 for opening year) | E30: https://tapestrycharter.org/clayton/ | F30: https://www.clayton.k12.ga.us/departments/charter-school-petition-guidelines/ccps-charter-schools ; https://scsc.georgia.gov/document/document/2025-2026-master-charter-school-list/download | G30: =COUNTIFS('School Contacts'!$B$2:$B$304,B30,'School Contacts'!$H$2:$H$304,"Verified*") -> 1 | H30: =IF(G30>=3,"Complete - 3+ verified contacts",IF(G30>0,"Partial - limited public contact info","No verified contacts found")) -> Partial - limited public contact info | I30: New Clayton-authorized charter opened Fall 2026 (not yet in GOSA data). Faculty directory publishes names only, no emails.
A31: Clayton County Public Schools | B31: Alternative Virtual Academy | C31: Combined | D31: Middle & high (alternative/virtual program) | E31: https://6008.clayton.k12.ga.us | F31: https://www.clayton.k12.ga.us/about/district-schools | G31: =COUNTIFS('School Contacts'!$B$2:$B$304,B31,'School Contacts'!$H$2:$H$304,"Verified*") -> 0 | H31: =IF(G31>=3,"Complete - 3+ verified contacts",IF(G31>0,"Partial - limited public contact info","No verified contacts found")) -> No verified contacts found | I31: Program listed by district; not reported as a separate school by GOSA. Site publishes only counselor/generic emails and no named leadership.
A32: Clayton County Public Schools | B32: Ash Street Center (South Metro GNETS) | C32: Combined | D32: Multi-grade (GNETS therapeutic program) | E32: https://009.clayton.k12.ga.us | F32: https://www.clayton.k12.ga.us/about/district-schools | G32: =COUNTIFS('School Contacts'!$B$2:$B$304,B32,'School Contacts'!$H$2:$H$304,"Verified*") -> 1 | H32: =IF(G32>=3,"Complete - 3+ verified contacts",IF(G32>0,"Partial - limited public contact info","No verified contacts found")) -> Partial - limited public contact info | I32: Georgia Network for Educational & Therapeutic Support program for students with IEPs; not a standard school. Low fit; director only.
A33: Cherokee County School District | B33: Creekland Middle School | C33: Middle | D33: 6-8 | E33: https://cms.cherokeek12.net | F33: https://www.cherokeek12.net/schools ; GOSA Enrollment by Grade 2024-25: https://download.gosa.ga.gov/2025/Enrollment_by_Grade_2024-25_2026-02-19_00_31_56.csv | G33: =COUNTIFS('School Contacts'!$B$2:$B$304,B33,'School Contacts'!$H$2:$H$304,"Verified*") -> 5 | H33: =IF(G33>=3,"Complete - 3+ verified contacts",IF(G33>0,"Partial - limited public contact info","No verified contacts found")) -> Complete - 3+ verified contacts
A34: Cherokee County School District | B34: Dean Rusk Middle School | C34: Middle | D34: 6-8 | E34: https://drms.cherokeek12.net | F34: https://www.cherokeek12.net/schools ; GOSA Enrollment by Grade 2024-25: https://download.gosa.ga.gov/2025/Enrollment_by_Grade_2024-25_2026-02-19_00_31_56.csv | G34: =COUNTIFS('School Contacts'!$B$2:$B$304,B34,'School Contacts'!$H$2:$H$304,"Verified*") -> 5 | H34: =IF(G34>=3,"Complete - 3+ verified contacts",IF(G34>0,"Partial - limited public contact info","No verified contacts found")) -> Complete - 3+ verified contacts
A35: Cherokee County School District | B35: E.T. Booth Middle School | C35: Middle | D35: 6-8 | E35: https://etbms.cherokeek12.net | F35: https://www.cherokeek12.net/schools ; GOSA Enrollment by Grade 2024-25: https://download.gosa.ga.gov/2025/Enrollment_by_Grade_2024-25_2026-02-19_00_31_56.csv | G35: =COUNTIFS('School Contacts'!$B$2:$B$304,B35,'School Contacts'!$H$2:$H$304,"Verified*") -> 4 | H35: =IF(G35>=3,"Complete - 3+ verified contacts",IF(G35>0,"Partial - limited public contact info","No verified contacts found")) -> Complete - 3+ verified contacts | I35: Faculty/Staff page renders empty (checked with a headless browser); only the administration team could be verified.
A36: Cherokee County School District | B36: Freedom Middle School | C36: Middle | D36: 6-8 | E36: https://fms.cherokeek12.net | F36: https://www.cherokeek12.net/schools ; GOSA Enrollment by Grade 2024-25: https://download.gosa.ga.gov/2025/Enrollment_by_Grade_2024-25_2026-02-19_00_31_56.csv | G36: =COUNTIFS('School Contacts'!$B$2:$B$304,B36,'School Contacts'!$H$2:$H$304,"Verified*") -> 5 | H36: =IF(G36>=3,"Complete - 3+ verified contacts",IF(G36>0,"Partial - limited public contact info","No verified contacts found")) -> Complete - 3+ verified contacts | I36: Has a Robotics Connections teacher.
A37: Cherokee County School District | B37: Mill Creek Middle School | C37: Middle | D37: 6-8 | E37: https://mcms.cherokeek12.net | F37: https://www.cherokeek12.net/schools ; GOSA Enrollment by Grade 2024-25: https://download.gosa.ga.gov/2025/Enrollment_by_Grade_2024-25_2026-02-19_00_31_56.csv | G37: =COUNTIFS('School Contacts'!$B$2:$B$304,B37,'School Contacts'!$H$2:$H$304,"Verified*") -> 5 | H37: =IF(G37>=3,"Complete - 3+ verified contacts",IF(G37>0,"Partial - limited public contact info","No verified contacts found")) -> Complete - 3+ verified contacts | I37: School Council page still lists a former principal.
A38: Cherokee County School District | B38: Teasley Middle School | C38: Middle | D38: 6-8 | E38: https://tms.cherokeek12.net | F38: https://www.cherokeek12.net/schools ; GOSA Enrollment by Grade 2024-25: https://download.gosa.ga.gov/2025/Enrollment_by_Grade_2024-25_2026-02-19_00_31_56.csv | G38: =COUNTIFS('School Contacts'!$B$2:$B$304,B38,'School Contacts'!$H$2:$H$304,"Verified*") -> 4 | H38: =IF(G38>=3,"Complete - 3+ verified contacts",IF(G38>0,"Partial - limited public contact info","No verified contacts found")) -> Complete - 3+ verified contacts | I38: Faculty directory labels elective teachers only as "Connections", so STEM/CS teachers could not be identified. ("TSA" here = Teacher Support Administrator.)
A39: Cherokee County School District | B39: Woodstock Middle School | C39: Middle | D39: 6-8 | E39: https://wms.cherokeek12.net | F39: https://www.cherokeek12.net/schools ; GOSA Enrollment by Grade 2024-25: https://download.gosa.ga.gov/2025/Enrollment_by_Grade_2024-25_2026-02-19_00_31_56.csv | G39: =COUNTIFS('School Contacts'!$B$2:$B$304,B39,'School Contacts'!$H$2:$H$304,"Verified*") -> 5 | H39: =IF(G39>=3,"Complete - 3+ verified contacts",IF(G39>0,"Partial - limited public contact info","No verified contacts found")) -> Complete - 3+ verified contacts
A40: Cherokee County School District | B40: Cherokee High School | C40: High | D40: 9-12 | E40: https://chs.cherokeek12.net | F40: https://www.cherokeek12.net/schools ; GOSA Enrollment by Grade 2024-25: https://download.gosa.ga.gov/2025/Enrollment_by_Grade_2024-25_2026-02-19_00_31_56.csv | G40: =COUNTIFS('School Contacts'!$B$2:$B$304,B40,'School Contacts'!$H$2:$H$304,"Verified*") -> 4 | H40: =IF(G40>=3,"Complete - 3+ verified contacts",IF(G40>0,"Partial - limited public contact info","No verified contacts found")) -> Complete - 3+ verified contacts | I40: No faculty email directory published; principal and assistant principals (by department oversight) only. AP CS teacher named without email.
A41: Cherokee County School District | B41: Creekview High School | C41: High | D41: 9-12 | E41: https://cvhs.cherokeek12.net | F41: https://www.cherokeek12.net/schools ; GOSA Enrollment by Grade 2024-25: https://download.gosa.ga.gov/2025/Enrollment_by_Grade_2024-25_2026-02-19_00_31_56.csv | G41: =COUNTIFS('School Contacts'!$B$2:$B$304,B41,'School Contacts'!$H$2:$H$304,"Verified*") -> 5 | H41: =IF(G41>=3,"Complete - 3+ verified contacts",IF(G41>0,"Partial - limited public contact info","No verified contacts found")) -> Complete - 3+ verified contacts | I41: Faculty list labels CTAE staff only as "Career Tech Teacher"; specific engineering/CS instructors not identifiable.
A42: Cherokee County School District | B42: Etowah High School | C42: High | D42: 9-12 | E42: https://ehs.cherokeek12.net | F42: https://www.cherokeek12.net/schools ; GOSA Enrollment by Grade 2024-25: https://download.gosa.ga.gov/2025/Enrollment_by_Grade_2024-25_2026-02-19_00_31_56.csv | G42: =COUNTIFS('School Contacts'!$B$2:$B$304,B42,'School Contacts'!$H$2:$H$304,"Verified*") -> 5 | H42: =IF(G42>=3,"Complete - 3+ verified contacts",IF(G42>0,"Partial - limited public contact info","No verified contacts found")) -> Complete - 3+ verified contacts | I42: CTAE pathway instructors not published by pathway; drafting teacher used.
A43: Cherokee County School District | B43: River Ridge High School | C43: High | D43: 9-12 | E43: https://rrhs.cherokeek12.net | F43: https://www.cherokeek12.net/schools ; GOSA Enrollment by Grade 2024-25: https://download.gosa.ga.gov/2025/Enrollment_by_Grade_2024-25_2026-02-19_00_31_56.csv | G43: =COUNTIFS('School Contacts'!$B$2:$B$304,B43,'School Contacts'!$H$2:$H$304,"Verified*") -> 5 | H43: =IF(G43>=3,"Complete - 3+ verified contacts",IF(G43>0,"Partial - limited public contact info","No verified contacts found")) -> Complete - 3+ verified contacts | I43: VEX Robotics club and Cyber Knights.
A44: Cherokee County School District | B44: Sequoyah High School | C44: High | D44: 9-12 | E44: https://shs.cherokeek12.net | F44: https://www.cherokeek12.net/schools ; GOSA Enrollment by Grade 2024-25: https://download.gosa.ga.gov/2025/Enrollment_by_Grade_2024-25_2026-02-19_00_31_56.csv | G44: =COUNTIFS('School Contacts'!$B$2:$B$304,B44,'School Contacts'!$H$2:$H$304,"Verified*") -> 5 | H44: =IF(G44>=3,"Complete - 3+ verified contacts",IF(G44>0,"Partial - limited public contact info","No verified contacts found")) -> Complete - 3+ verified contacts | I44: FIRST Robotics team.
A45: Cherokee County School District | B45: Woodstock High School | C45: High | D45: 9-12 | E45: https://whs.cherokeek12.net | F45: https://www.cherokeek12.net/schools ; GOSA Enrollment by Grade 2024-25: https://download.gosa.ga.gov/2025/Enrollment_by_Grade_2024-25_2026-02-19_00_31_56.csv | G45: =COUNTIFS('School Contacts'!$B$2:$B$304,B45,'School Contacts'!$H$2:$H$304,"Verified*") -> 5 | H45: =IF(G45>=3,"Complete - 3+ verified contacts",IF(G45>0,"Partial - limited public contact info","No verified contacts found")) -> Complete - 3+ verified contacts | I45: Aerospace/UAS (drone), engineering drafting, CS and cybersecurity pathways.
A46: Cherokee County School District | B46: i-Grad Virtual Academy | C46: High | D46: 9-12 | E46: https://active.cherokeek12.net/i-grad | F46: https://www.cherokeek12.net/schools ; GOSA Enrollment by Grade 2024-25: https://download.gosa.ga.gov/2025/Enrollment_by_Grade_2024-25_2026-02-19_00_31_56.csv | G46: =COUNTIFS('School Contacts'!$B$2:$B$304,B46,'School Contacts'!$H$2:$H$304,"Verified*") -> 2 | H46: =IF(G46>=3,"Complete - 3+ verified contacts",IF(G46>0,"Partial - limited public contact info","No verified contacts found")) -> Partial - limited public contact info | I46: Part of Active Academies; shares administration with ACE Academy.
A47: Cherokee County School District | B47: ACE Academy | C47: Combined | D47: Middle & high (alternative) | E47: https://active.cherokeek12.net/ace-academy | F47: https://www.cherokeek12.net/schools | G47: =COUNTIFS('School Contacts'!$B$2:$B$304,B47,'School Contacts'!$H$2:$H$304,"Verified*") -> 2 | H47: =IF(G47>=3,"Complete - 3+ verified contacts",IF(G47>0,"Partial - limited public contact info","No verified contacts found")) -> Partial - limited public contact info | I47: Alternative program within Active Academies (not reported separately by GOSA); shares administration with i-Grad.
A48: Forsyth County Schools | B48: DeSana Middle School | C48: Middle | D48: 6-8 | E48: https://desana.forsyth.k12.ga.us | F48: https://www.forsyth.k12.ga.us/inside-fcs/school-administrators ; GOSA Enrollment by Grade 2024-25: https://download.gosa.ga.gov/2025/Enrollment_by_Grade_2024-25_2026-02-19_00_31_56.csv | G48: =COUNTIFS('School Contacts'!$B$2:$B$304,B48,'School Contacts'!$H$2:$H$304,"Verified*") -> 5 | H48: =IF(G48>=3,"Complete - 3+ verified contacts",IF(G48>0,"Partial - limited public contact info","No verified contacts found")) -> Complete - 3+ verified contacts
A49: Forsyth County Schools | B49: Hendricks Middle School | C49: Middle | D49: 6-8 | E49: https://hms.forsyth.k12.ga.us | F49: https://www.forsyth.k12.ga.us/inside-fcs/school-administrators ; GOSA Enrollment by Grade 2024-25: https://download.gosa.ga.gov/2025/Enrollment_by_Grade_2024-25_2026-02-19_00_31_56.csv | G49: =COUNTIFS('School Contacts'!$B$2:$B$304,B49,'School Contacts'!$H$2:$H$304,"Verified*") -> 4 | H49: =IF(G49>=3,"Complete - 3+ verified contacts",IF(G49>0,"Partial - limited public contact info","No verified contacts found")) -> Complete - 3+ verified contacts | I49: Computer Science page does not name its teacher.
A50: Forsyth County Schools | B50: Lakeside Middle School | C50: Middle | D50: 6-8 | E50: https://lakeside.forsyth.k12.ga.us | F50: https://www.forsyth.k12.ga.us/inside-fcs/school-administrators ; GOSA Enrollment by Grade 2024-25: https://download.gosa.ga.gov/2025/Enrollment_by_Grade_2024-25_2026-02-19_00_31_56.csv | G50: =COUNTIFS('School Contacts'!$B$2:$B$304,B50,'School Contacts'!$H$2:$H$304,"Verified*") -> 5 | H50: =IF(G50>=3,"Complete - 3+ verified contacts",IF(G50>0,"Partial - limited public contact info","No verified contacts found")) -> Complete - 3+ verified contacts
A51: Forsyth County Schools | B51: Liberty Middle School | C51: Middle | D51: 6-8 | E51: https://libertyms.forsyth.k12.ga.us | F51: https://www.forsyth.k12.ga.us/inside-fcs/school-administrators ; GOSA Enrollment by Grade 2024-25: https://download.gosa.ga.gov/2025/Enrollment_by_Grade_2024-25_2026-02-19_00_31_56.csv | G51: =COUNTIFS('School Contacts'!$B$2:$B$304,B51,'School Contacts'!$H$2:$H$304,"Verified*") -> 4 | H51: =IF(G51>=3,"Complete - 3+ verified contacts",IF(G51>0,"Partial - limited public contact info","No verified contacts found")) -> Complete - 3+ verified contacts | I51: VEX IQ robotics team (TechnoPatriots).
A52: Forsyth County Schools | B52: Little Mill Middle School | C52: Middle | D52: 6-8 | E52: https://lmms.forsyth.k12.ga.us | F52: https://www.forsyth.k12.ga.us/inside-fcs/school-administrators ; GOSA Enrollment by Grade 2024-25: https://download.gosa.ga.gov/2025/Enrollment_by_Grade_2024-25_2026-02-19_00_31_56.csv | G52: =COUNTIFS('School Contacts'!$B$2:$B$304,B52,'School Contacts'!$H$2:$H$304,"Verified*") -> 5 | H52: =IF(G52>=3,"Complete - 3+ verified contacts",IF(G52>0,"Partial - limited public contact info","No verified contacts found")) -> Complete - 3+ verified contacts
A53: Forsyth County Schools | B53: North Forsyth Middle School | C53: Middle | D53: 6-8 | E53: https://nfms.forsyth.k12.ga.us | F53: https://www.forsyth.k12.ga.us/inside-fcs/school-administrators ; GOSA Enrollment by Grade 2024-25: https://download.gosa.ga.gov/2025/Enrollment_by_Grade_2024-25_2026-02-19_00_31_56.csv | G53: =COUNTIFS('School Contacts'!$B$2:$B$304,B53,'School Contacts'!$H$2:$H$304,"Verified*") -> 4 | H53: =IF(G53>=3,"Complete - 3+ verified contacts",IF(G53>0,"Partial - limited public contact info","No verified contacts found")) -> Complete - 3+ verified contacts
A54: Forsyth County Schools | B54: Otwell Middle School | C54: Middle | D54: 6-8 | E54: https://oms.forsyth.k12.ga.us | F54: https://www.forsyth.k12.ga.us/inside-fcs/school-administrators ; GOSA Enrollment by Grade 2024-25: https://download.gosa.ga.gov/2025/Enrollment_by_Grade_2024-25_2026-02-19_00_31_56.csv | G54: =COUNTIFS('School Contacts'!$B$2:$B$304,B54,'School Contacts'!$H$2:$H$304,"Verified*") -> 4 | H54: =IF(G54>=3,"Complete - 3+ verified contacts",IF(G54>0,"Partial - limited public contact info","No verified contacts found")) -> Complete - 3+ verified contacts | I54: Highly competitive robotics program (~60 students; hosts competitions).
A55: Forsyth County Schools | B55: Piney Grove Middle School | C55: Middle | D55: 6-8 | E55: https://pineygrove.forsyth.k12.ga.us | F55: https://www.forsyth.k12.ga.us/inside-fcs/school-administrators ; GOSA Enrollment by Grade 2024-25: https://download.gosa.ga.gov/2025/Enrollment_by_Grade_2024-25_2026-02-19_00_31_56.csv | G55: =COUNTIFS('School Contacts'!$B$2:$B$304,B55,'School Contacts'!$H$2:$H$304,"Verified*") -> 5 | H55: =IF(G55>=3,"Complete - 3+ verified contacts",IF(G55>0,"Partial - limited public contact info","No verified contacts found")) -> Complete - 3+ verified contacts | I55: Science Olympiad national qualifier.
A56: Forsyth County Schools | B56: Riverwatch Middle School | C56: Middle | D56: 6-8 | E56: https://riverwatchms.forsyth.k12.ga.us | F56: https://www.forsyth.k12.ga.us/inside-fcs/school-administrators ; GOSA Enrollment by Grade 2024-25: https://download.gosa.ga.gov/2025/Enrollment_by_Grade_2024-25_2026-02-19_00_31_56.csv | G56: =COUNTIFS('School Contacts'!$B$2:$B$304,B56,'School Contacts'!$H$2:$H$304,"Verified*") -> 5 | H56: =IF(G56>=3,"Complete - 3+ verified contacts",IF(G56>0,"Partial - limited public contact info","No verified contacts found")) -> Complete - 3+ verified contacts | I56: Top-ranked TSA chapter in Georgia (2025-26).
A57: Forsyth County Schools | B57: South Forsyth Middle School | C57: Middle | D57: 6-8 | E57: https://sfms.forsyth.k12.ga.us | F57: https://www.forsyth.k12.ga.us/inside-fcs/school-administrators ; GOSA Enrollment by Grade 2024-25: https://download.gosa.ga.gov/2025/Enrollment_by_Grade_2024-25_2026-02-19_00_31_56.csv | G57: =COUNTIFS('School Contacts'!$B$2:$B$304,B57,'School Contacts'!$H$2:$H$304,"Verified*") -> 5 | H57: =IF(G57>=3,"Complete - 3+ verified contacts",IF(G57>0,"Partial - limited public contact info","No verified contacts found")) -> Complete - 3+ verified contacts
A58: Forsyth County Schools | B58: Vickery Creek Middle School | C58: Middle | D58: 6-8 | E58: https://vcms.forsyth.k12.ga.us | F58: https://www.forsyth.k12.ga.us/inside-fcs/school-administrators ; GOSA Enrollment by Grade 2024-25: https://download.gosa.ga.gov/2025/Enrollment_by_Grade_2024-25_2026-02-19_00_31_56.csv | G58: =COUNTIFS('School Contacts'!$B$2:$B$304,B58,'School Contacts'!$H$2:$H$304,"Verified*") -> 5 | H58: =IF(G58>=3,"Complete - 3+ verified contacts",IF(G58>0,"Partial - limited public contact info","No verified contacts found")) -> Complete - 3+ verified contacts
A59: Forsyth County Schools | B59: Alliance Academy for Innovation | C59: High | D59: 9-12 | E59: https://alliance.forsyth.k12.ga.us | F59: https://www.forsyth.k12.ga.us/inside-fcs/school-administrators ; GOSA Enrollment by Grade 2024-25: https://download.gosa.ga.gov/2025/Enrollment_by_Grade_2024-25_2026-02-19_00_31_56.csv | G59: =COUNTIFS('School Contacts'!$B$2:$B$304,B59,'School Contacts'!$H$2:$H$304,"Verified*") -> 5 | H59: =IF(G59>=3,"Complete - 3+ verified contacts",IF(G59>0,"Partial - limited public contact info","No verified contacts found")) -> Complete - 3+ verified contacts | I59: CTAE magnet with a School of Mechatronics & Robotics (FRC/FTC). Very strong fit.
A60: Forsyth County Schools | B60: Denmark High School | C60: High | D60: 9-12 | E60: https://dhs.forsyth.k12.ga.us | F60: https://www.forsyth.k12.ga.us/inside-fcs/school-administrators ; GOSA Enrollment by Grade 2024-25: https://download.gosa.ga.gov/2025/Enrollment_by_Grade_2024-25_2026-02-19_00_31_56.csv | G60: =COUNTIFS('School Contacts'!$B$2:$B$304,B60,'School Contacts'!$H$2:$H$304,"Verified*") -> 5 | H60: =IF(G60>=3,"Complete - 3+ verified contacts",IF(G60>0,"Partial - limited public contact info","No verified contacts found")) -> Complete - 3+ verified contacts | I60: Offers Engineering & AI pathways, but no named engineering/robotics teacher published; CTAE chairs used.
A61: Forsyth County Schools | B61: East Forsyth High School | C61: High | D61: 9-12 | E61: https://efhs.forsyth.k12.ga.us | F61: https://www.forsyth.k12.ga.us/inside-fcs/school-administrators ; GOSA Enrollment by Grade 2024-25: https://download.gosa.ga.gov/2025/Enrollment_by_Grade_2024-25_2026-02-19_00_31_56.csv | G61: =COUNTIFS('School Contacts'!$B$2:$B$304,B61,'School Contacts'!$H$2:$H$304,"Verified*") -> 4 | H61: =IF(G61>=3,"Complete - 3+ verified contacts",IF(G61>0,"Partial - limited public contact info","No verified contacts found")) -> Complete - 3+ verified contacts
A62: Forsyth County Schools | B62: Forsyth Central High School | C62: High | D62: 9-12 | E62: https://fchs.forsyth.k12.ga.us | F62: https://www.forsyth.k12.ga.us/inside-fcs/school-administrators ; GOSA Enrollment by Grade 2024-25: https://download.gosa.ga.gov/2025/Enrollment_by_Grade_2024-25_2026-02-19_00_31_56.csv | G62: =COUNTIFS('School Contacts'!$B$2:$B$304,B62,'School Contacts'!$H$2:$H$304,"Verified*") -> 5 | H62: =IF(G62>=3,"Complete - 3+ verified contacts",IF(G62>0,"Partial - limited public contact info","No verified contacts found")) -> Complete - 3+ verified contacts | I62: Has a STEM Academy and FRC team.
A63: Forsyth County Schools | B63: Lambert High School | C63: High | D63: 9-12 | E63: https://lhs.forsyth.k12.ga.us | F63: https://www.forsyth.k12.ga.us/inside-fcs/school-administrators ; GOSA Enrollment by Grade 2024-25: https://download.gosa.ga.gov/2025/Enrollment_by_Grade_2024-25_2026-02-19_00_31_56.csv | G63: =COUNTIFS('School Contacts'!$B$2:$B$304,B63,'School Contacts'!$H$2:$H$304,"Verified*") -> 5 | H63: =IF(G63>=3,"Complete - 3+ verified contacts",IF(G63>0,"Partial - limited public contact info","No verified contacts found")) -> Complete - 3+ verified contacts | I63: FIRST Robotics team.
A64: Forsyth County Schools | B64: North Forsyth High School | C64: High | D64: 9-12 | E64: https://nfhs.forsyth.k12.ga.us | F64: https://www.forsyth.k12.ga.us/inside-fcs/school-administrators ; GOSA Enrollment by Grade 2024-25: https://download.gosa.ga.gov/2025/Enrollment_by_Grade_2024-25_2026-02-19_00_31_56.csv | G64: =COUNTIFS('School Contacts'!$B$2:$B$304,B64,'School Contacts'!$H$2:$H$304,"Verified*") -> 5 | H64: =IF(G64>=3,"Complete - 3+ verified contacts",IF(G64>0,"Partial - limited public contact info","No verified contacts found")) -> Complete - 3+ verified contacts
A65: Forsyth County Schools | B65: South Forsyth High School | C65: High | D65: 9-12 | E65: https://sfhs.forsyth.k12.ga.us | F65: https://www.forsyth.k12.ga.us/inside-fcs/school-administrators ; GOSA Enrollment by Grade 2024-25: https://download.gosa.ga.gov/2025/Enrollment_by_Grade_2024-25_2026-02-19_00_31_56.csv | G65: =COUNTIFS('School Contacts'!$B$2:$B$304,B65,'School Contacts'!$H$2:$H$304,"Verified*") -> 5 | H65: =IF(G65>=3,"Complete - 3+ verified contacts",IF(G65>0,"Partial - limited public contact info","No verified contacts found")) -> Complete - 3+ verified contacts | I65: VEX and FRC robotics; IB school.
A66: Forsyth County Schools | B66: West Forsyth High School | C66: High | D66: 9-12 | E66: https://wfhs.forsyth.k12.ga.us | F66: https://www.forsyth.k12.ga.us/inside-fcs/school-administrators ; GOSA Enrollment by Grade 2024-25: https://download.gosa.ga.gov/2025/Enrollment_by_Grade_2024-25_2026-02-19_00_31_56.csv | G66: =COUNTIFS('School Contacts'!$B$2:$B$304,B66,'School Contacts'!$H$2:$H$304,"Verified*") -> 4 | H66: =IF(G66>=3,"Complete - 3+ verified contacts",IF(G66>0,"Partial - limited public contact info","No verified contacts found")) -> Complete - 3+ verified contacts
A67: Forsyth County Schools | B67: Academies of Creative Education (Gateway Academy / Forsyth Academy / Forsyth Virtual Academy) | C67: Combined | D67: 6-12 (Gateway 6-12 alt.; Forsyth Academy 9-12; Virtual 6-12) | E67: https://ace.forsyth.k12.ga.us | F67: https://www.forsyth.k12.ga.us/inside-fcs/school-administrators | G67: =COUNTIFS('School Contacts'!$B$2:$B$304,B67,'School Contacts'!$H$2:$H$304,"Verified*") -> 3 | H67: =IF(G67>=3,"Complete - 3+ verified contacts",IF(G67>0,"Partial - limited public contact info","No verified contacts found")) -> Complete - 3+ verified contacts | I67: Three non-traditional programs on one campus under one principal; not reported separately by GOSA.

Sheet Research Summary
A1: SwayForm Fall 2027 Outreach - Research Summary (Clayton, Cherokee, Forsyth)
A2: Research conducted October 30, 2026. Counts below are live formulas over the other two sheets.
A4: Metric | B4: Clayton County Public Schools | C4: Cherokee County School District | D4: Forsyth County Schools | E4: Total
A5: Middle schools identified | B5: =COUNTIFS('Complete School List'!$A$2:$A$67,"Clayton County Public Schools",'Complete School List'!$C$2:$C$67,"Middle") -> 15 | C5: =COUNTIFS('Complete School List'!$A$2:$A$67,"Cherokee County School District",'Complete School List'!$C$2:$C$67,"Middle") -> 7 | D5: =COUNTIFS('Complete School List'!$A$2:$A$67,"Forsyth County Schools",'Complete School List'!$C$2:$C$67,"Middle") -> 11 | E5: =SUM(B5:D5) -> 33
A6: High schools identified | B6: =COUNTIFS('Complete School List'!$A$2:$A$67,"Clayton County Public Schools",'Complete School List'!$C$2:$C$67,"High") -> 12 | C6: =COUNTIFS('Complete School List'!$A$2:$A$67,"Cherokee County School District",'Complete School List'!$C$2:$C$67,"High") -> 7 | D6: =COUNTIFS('Complete School List'!$A$2:$A$67,"Forsyth County Schools",'Complete School List'!$C$2:$C$67,"High") -> 8 | E6: =SUM(B6:D6) -> 27
A7: Combined-grade schools / programs identified | B7: =COUNTIFS('Complete School List'!$A$2:$A$67,"Clayton County Public Schools",'Complete School List'!$C$2:$C$67,"Combined") -> 4 | C7: =COUNTIFS('Complete School List'!$A$2:$A$67,"Cherokee County School District",'Complete School List'!$C$2:$C$67,"Combined") -> 1 | D7: =COUNTIFS('Complete School List'!$A$2:$A$67,"Forsyth County Schools",'Complete School List'!$C$2:$C$67,"Combined") -> 1 | E7: =SUM(B7:D7) -> 6
A8: Total unique schools researched | B8: =COUNTIFS('Complete School List'!$A$2:$A$67,"Clayton County Public Schools") -> 31 | C8: =COUNTIFS('Complete School List'!$A$2:$A$67,"Cherokee County School District") -> 15 | D8: =COUNTIFS('Complete School List'!$A$2:$A$67,"Forsyth County Schools") -> 20 | E8: =SUM(B8:D8) -> 66
A9: Total verified contacts (rows) | B9: =COUNTIFS('School Contacts'!$A$2:$A$304,"Clayton County Public Schools",'School Contacts'!$H$2:$H$304,"Verified*") -> 142 | C9: =COUNTIFS('School Contacts'!$A$2:$A$304,"Cherokee County School District",'School Contacts'!$H$2:$H$304,"Verified*") -> 66 | D9: =COUNTIFS('School Contacts'!$A$2:$A$304,"Forsyth County Schools",'School Contacts'!$H$2:$H$304,"Verified*") -> 92 | E9: =SUM(B9:D9) -> 300
A10: Contacts listed without a published email (not usable) | B10: =COUNTIFS('School Contacts'!$A$2:$A$304,"Clayton County Public Schools",'School Contacts'!$H$2:$H$304,"Not publicly available*") -> 2 | C10: =COUNTIFS('School Contacts'!$A$2:$A$304,"Cherokee County School District",'School Contacts'!$H$2:$H$304,"Not publicly available*") -> 1 | D10: =COUNTIFS('School Contacts'!$A$2:$A$304,"Forsyth County Schools",'School Contacts'!$H$2:$H$304,"Not publicly available*") -> 0 | E10: =SUM(B10:D10) -> 3
A11: High-priority verified contacts | B11: =COUNTIFS('School Contacts'!$A$2:$A$304,"Clayton County Public Schools",'School Contacts'!$H$2:$H$304,"Verified*",'School Contacts'!$K$2:$K$304,"High") -> 79 | C11: =COUNTIFS('School Contacts'!$A$2:$A$304,"Cherokee County School District",'School Contacts'!$H$2:$H$304,"Verified*",'School Contacts'!$K$2:$K$304,"High") -> 39 | D11: =COUNTIFS('School Contacts'!$A$2:$A$304,"Forsyth County Schools",'School Contacts'!$H$2:$H$304,"Verified*",'School Contacts'!$K$2:$K$304,"High") -> 59 | E11: =SUM(B11:D11) -> 177
A12: Schools with 3-5 verified contacts | B12: =COUNTIFS('Complete School List'!$A$2:$A$67,"Clayton County Public Schools",'Complete School List'!$G$2:$G$67,">=3") -> 28 | C12: =COUNTIFS('Complete School List'!$A$2:$A$67,"Cherokee County School District",'Complete School List'!$G$2:$G$67,">=3") -> 13 | D12: =COUNTIFS('Complete School List'!$A$2:$A$67,"Forsyth County Schools",'Complete School List'!$G$2:$G$67,">=3") -> 20 | E12: =SUM(B12:D12) -> 61
A13: Schools with 1-2 verified contacts (insufficient) | B13: =COUNTIFS('Complete School List'!$A$2:$A$67,"Clayton County Public Schools",'Complete School List'!$G$2:$G$67,">=1",'Complete School List'!$G$2:$G$67,"<=2") -> 2 | C13: =COUNTIFS('Complete School List'!$A$2:$A$67,"Cherokee County School District",'Complete School List'!$G$2:$G$67,">=1",'Complete School List'!$G$2:$G$67,"<=2") -> 2 | D13: =COUNTIFS('Complete School List'!$A$2:$A$67,"Forsyth County Schools",'Complete School List'!$G$2:$G$67,">=1",'Complete School List'!$G$2:$G$67,"<=2") -> 0 | E13: =SUM(B13:D13) -> 4
A14: Schools with 0 verified contacts | B14: =COUNTIFS('Complete School List'!$A$2:$A$67,"Clayton County Public Schools",'Complete School List'!$G$2:$G$67,0) -> 1 | C14: =COUNTIFS('Complete School List'!$A$2:$A$67,"Cherokee County School District",'Complete School List'!$G$2:$G$67,0) -> 0 | D14: =COUNTIFS('Complete School List'!$A$2:$A$67,"Forsyth County Schools",'Complete School List'!$G$2:$G$67,0) -> 0 | E14: =SUM(B14:D14) -> 1
A15: Unique people with verified emails (a few staff serve 2 schools) | E15: 293 | F15: Computed in Python from distinct addresses on School Contacts sheet.
A17: Schools with insufficient or limited publicly available contact information
A18: (See "Number of Verified Contacts Found" on the Complete School List for exact counts.)
A19: - Tapestry Public Charter School (Clayton campus) (Clayton): New Clayton-authorized charter opened Fall 2026 (not yet in GOSA data). Faculty directory publishes names only, no emails.
A20: - Alternative Virtual Academy (Clayton): Program listed by district; not reported as a separate school by GOSA. Site publishes only counselor/generic emails and no named leadership.
A21: - Ash Street Center (South Metro GNETS) (Clayton): Georgia Network for Educational & Therapeutic Support program for students with IEPs; not a standard school. Low fit; director only.
A22: - E.T. Booth Middle School (Cherokee): Faculty/Staff page renders empty (checked with a headless browser); only the administration team could be verified.
A23: - Teasley Middle School (Cherokee): Faculty directory labels elective teachers only as "Connections", so STEM/CS teachers could not be identified. ("TSA" here = Teacher Support Administrator.)
A24: - Cherokee High School (Cherokee): No faculty email directory published; principal and assistant principals (by department oversight) only. AP CS teacher named without email.
A25: - i-Grad Virtual Academy (Cherokee): Part of Active Academies; shares administration with ACE Academy.
A26: - ACE Academy (Cherokee): Alternative program within Active Academies (not reported separately by GOSA); shares administration with i-Grad.
A27: - Hendricks Middle School (Forsyth): Computer Science page does not name its teacher.
A29: Methodology
... A56: - All counts in this summary are formulas and update automatically if rows are added or removed.
